Date:,5/6/2019,Time:,1:59 PM,Operator:,
Date,Time,Runtime (h),Iteration,Permeate Conductivity [High] (uS),Permeate Conductivity [Low] (uS),Reject Conductivity (mS),Feed Pressure (psi),Feed Volume (L),Feed Temperature (C),Permeate Flowrate (L/min),Reject Flowrate (L/min),Feed Flowrate (L/min),Feed Pump Power (%),Temperatre Valve Open (%),Reject Valve Open (%),Water Flux (LMH),Total Permeate  (L),Permeate Tank Level,Feed Cleaning Valve State,Permeate Discharge Valve State,System Mode
5/6/2019,1:59:43 PM,0.009649,127.000000,-37.001851,10.552807,49.447173,118.292155,21.036469,13.998371,0.023668,1.992412,2.016080,20.000000,80.000000,21.000000,0.527123,0.022788,FULL,CLOSED,OPEN,SYSTEM MODE: Manual
5/6/2019,2:00:43 PM,0.026316,367.000000,1350.171342,2002.933223,62.636419,683.525030,20.644581,14.270461,0.840950,5.453808,6.294758,60.000000,80.000000,21.000000,18.729397,0.222358,FULL,CLOSED,OPEN,SYSTEM MODE: Manual
5/6/2019,2:01:43 PM,0.042982,607.000000,578.498518,870.962101,61.801211,691.979787,20.304158,14.769634,0.639388,4.919197,5.558585,55.648581,80.000000,21.000000,14.240267,1.062303,FULL,CLOSED,OPEN,SYSTEM MODE: Auto Water Flux (Fixed)
5/6/2019,2:02:43 PM,0.059649,847.000000,531.563031,714.076658,62.126541,691.151080,20.622880,15.192381,0.658433,5.059971,5.718404,56.144085,80.000000,21.000000,14.664440,1.721207,FULL,CLOSED,OPEN,SYSTEM MODE: Auto Water Flux (Fixed)
5/6/2019,2:03:43 PM,0.076316,1087.000000,503.786615,618.601664,62.117972,690.035662,20.498226,15.565386,0.652223,5.227132,5.879355,56.053275,80.000000,21.000000,14.526126,2.383284,FULL,CLOSED,OPEN,SYSTEM MODE: Auto Water Flux (Fixed)
5/6/2019,2:04:43 PM,0.092982,1327.000000,479.245609,567.285096,62.078188,672.735476,20.131034,15.928722,0.665843,5.042417,5.708260,55.959186,80.000000,21.000000,14.829465,3.054904,FULL,CLOSED,OPEN,SYSTEM MODE: Auto Water Flux (Fixed)
5/6/2019,2:05:43 PM,0.109649,1567.000000,478.639058,547.412568,62.024782,681.096011,20.332981,16.287664,0.708944,5.007805,5.716749,55.788552,80.000000,21.000000,15.789402,3.719844,FULL,CLOSED,OPEN,SYSTEM MODE: Auto Water Flux (Fixed)
5/6/2019,2:06:43 PM,0.126316,1807.000000,484.607974,546.327644,61.920261,707.035125,20.202613,16.631723,0.658055,5.078566,5.736621,55.645800,80.000000,21.000000,14.656004,4.378181,FULL,CLOSED,OPEN,SYSTEM MODE: Auto Water Flux (Fixed)
5/6/2019,2:07:43 PM,0.142982,2047.000000,486.491312,535.352421,61.917358,676.040522,20.600767,16.975298,0.663668,5.120135,5.783803,55.579964,80.000000,21.000000,14.781023,5.052530,FULL,CLOSED,OPEN,SYSTEM MODE: Auto Water Flux (Fixed)
5/6/2019,2:08:43 PM,0.159649,2287.000000,481.846691,536.320433,61.835795,678.237546,19.834917,17.308240,0.700112,4.918140,5.618251,55.458400,80.000000,21.000000,15.592688,5.733107,FULL,CLOSED,OPEN,SYSTEM MODE: Auto Water Flux (Fixed)
5/6/2019,2:09:43 PM,0.176316,2527.000000,485.515354,534.968906,61.782079,704.045089,20.375592,17.640771,0.665119,5.007479,5.672598,55.351810,80.000000,21.000000,14.813333,6.451501,FULL,CLOSED,OPEN,SYSTEM MODE: Auto Water Flux (Fixed)
5/6/2019,2:10:43 PM,0.192982,2767.000000,489.035180,537.141355,61.737708,656.848582,20.199173,17.966851,0.662868,4.956291,5.619160,55.253827,80.000000,21.000000,14.763209,7.116898,FULL,CLOSED,OPEN,SYSTEM MODE: Auto Water Flux (Fixed)
5/6/2019,2:11:43 PM,0.209649,3007.000000,492.895135,537.213569,61.645124,634.631830,20.148527,18.286622,0.656360,4.970001,5.626361,55.159091,80.000000,21.000000,14.618265,7.777930,FULL,CLOSED,OPEN,SYSTEM MODE: Auto Water Flux (Fixed)
5/6/2019,2:12:43 PM,0.226316,3247.000000,500.981218,541.013404,61.633645,643.072575,20.424926,18.605910,0.698810,5.216198,5.915008,55.056331,80.000000,21.000000,15.563691,8.448367,FULL,CLOSED,OPEN,SYSTEM MODE: Auto Water Flux (Fixed)
5/6/2019,2:13:43 PM,0.242982,3487.000000,505.769703,545.329389,61.547494,662.534824,19.790359,18.920605,0.660277,4.986142,5.646419,54.976488,80.000000,21.000000,14.705501,9.112098,FULL,CLOSED,OPEN,SYSTEM MODE: Auto Water Flux (Fixed)
5/6/2019,2:14:43 PM,0.259649,3727.000000,513.944093,550.340253,61.490876,674.158507,19.975162,19.221437,0.648788,5.239923,5.888711,54.847244,80.000000,21.000000,14.449615,9.829564,FULL,CLOSED,OPEN,SYSTEM MODE: Auto Water Flux (Fixed)
5/6/2019,2:15:43 PM,0.276316,3967.000000,523.102570,555.284039,61.484597,654.195698,20.160784,19.203190,0.672340,4.946576,5.618916,54.809862,80.000000,21.000000,14.974164,10.493855,FULL,CLOSED,OPEN,SYSTEM MODE: Auto Water Flux (Fixed)
5/6/2019,2:16:43 PM,0.292982,4207.000000,497.222591,554.354131,60.565839,663.914074,20.059829,18.332244,0.654351,4.964577,5.618928,54.958596,80.000000,21.000000,14.573525,11.155777,FULL,CLOSED,OPEN,SYSTEM MODE: Auto Water Flux (Fixed)
5/6/2019,2:17:43 PM,0.309649,4447.000000,487.706071,535.076562,60.934019,656.983232,20.333113,18.414365,0.709713,5.205310,5.915022,54.970292,80.000000,21.000000,15.806520,11.819580,FULL,CLOSED,OPEN,SYSTEM MODE: Auto Water Flux (Fixed)
5/6/2019,2:18:43 PM,0.326316,4687.000000,490.472246,532.172525,60.951769,693.764226,20.461798,18.436043,0.663847,5.088824,5.752672,54.947496,80.000000,21.000000,14.785016,12.476684,FULL,CLOSED,OPEN,SYSTEM MODE: Auto Water Flux (Fixed)
5/6/2019,2:19:43 PM,0.342982,4927.000000,491.754005,531.308301,61.032106,657.209991,20.435392,18.505472,0.664003,5.071163,5.735166,54.942213,80.000000,21.000000,14.788484,13.149936,FULL,CLOSED,OPEN,SYSTEM MODE: Auto Water Flux (Fixed)
5/6/2019,2:20:43 PM,0.359649,5167.000000,490.841732,530.077553,61.041132,695.840888,20.625154,18.548695,0.705520,4.945457,5.650976,54.871444,80.000000,21.000000,15.713136,13.821619,FULL,CLOSED,OPEN,SYSTEM MODE: Auto Water Flux (Fixed)
5/6/2019,2:21:43 PM,0.376316,5407.000000,491.320755,530.131445,61.069135,694.553425,20.036118,18.620660,0.702368,4.933140,5.635508,54.854884,80.000000,21.000000,15.642933,14.531313,FULL,CLOSED,OPEN,SYSTEM MODE: Auto Water Flux (Fixed)
5/6/2019,2:22:43 PM,0.392982,5647.000000,493.810644,530.265412,61.074490,658.273772,20.484967,18.659012,0.708232,5.163677,5.871910,54.855990,80.000000,21.000000,15.773546,15.182211,FULL,CLOSED,OPEN,SYSTEM MODE: Auto Water Flux (Fixed)
5/6/2019,2:23:43 PM,0.409649,5887.000000,495.118524,531.300376,61.047559,684.985180,20.426828,18.712456,0.652532,5.127576,5.780108,54.737973,80.000000,21.000000,14.533005,15.852439,FULL,CLOSED,OPEN,SYSTEM MODE: Auto Water Flux (Fixed)
5/6/2019,2:24:43 PM,0.426316,6127.000000,496.488590,532.133153,61.056585,666.877695,20.314276,18.761852,0.670080,5.038387,5.708467,54.697360,80.000000,21.000000,14.923836,16.514856,FULL,CLOSED,OPEN,SYSTEM MODE: Auto Water Flux (Fixed)
5/6/2019,2:25:43 PM,0.442982,6367.000000,495.924575,534.279290,61.125141,665.575027,20.256267,18.816391,0.654576,5.010694,5.665270,54.711648,80.000000,21.000000,14.578539,17.185064,FULL,CLOSED,OPEN,SYSTEM MODE: Auto Water Flux (Fixed)
5/6/2019,2:26:43 PM,0.459649,6607.000000,497.971428,534.234655,61.089182,632.012711,20.088353,18.888360,0.653425,5.021307,5.674732,54.685723,80.000000,21.000000,14.552898,17.912874,FULL,CLOSED,OPEN,SYSTEM MODE: Auto Water Flux (Fixed)
5/6/2019,2:27:43 PM,0.476316,6847.000000,497.086934,534.193951,61.059038,692.919118,20.307684,18.902010,0.652780,5.073906,5.726685,54.680032,80.000000,21.000000,14.538528,18.583212,FULL,CLOSED,OPEN,SYSTEM MODE: Auto Water Flux (Fixed)
5/6/2019,2:28:43 PM,0.492982,7087.000000,498.653107,535.257826,61.041745,658.696556,20.097688,18.907637,0.659958,5.035620,5.695578,54.659810,80.000000,21.000000,14.698394,19.230373,FULL,CLOSED,OPEN,SYSTEM MODE: Auto Water Flux (Fixed)
5/6/2019,2:29:43 PM,0.509649,7327.000000,496.609569,535.152770,60.974261,694.188480,20.565170,18.909147,0.713475,4.995300,5.708775,54.657027,80.000000,21.000000,15.890319,19.889744,FULL,CLOSED,OPEN,SYSTEM MODE: Auto Water Flux (Fixed)
5/6/2019,2:30:43 PM,0.526316,7567.000000,495.563217,534.228061,60.952840,676.578706,19.964240,18.926847,0.671084,4.864307,5.535390,54.618922,80.000000,21.000000,14.946182,20.554113,FULL,CLOSED,OPEN,SYSTEM MODE: Auto Water Flux (Fixed)
5/6/2019,2:31:43 PM,0.542982,7807.000000,495.656418,533.168117,61.035777,677.666744,20.417913,18.994491,0.660903,5.051111,5.712014,54.624244,80.000000,21.000000,14.719439,21.269922,FULL,CLOSED,OPEN,SYSTEM MODE: Auto Water Flux (Fixed)
5/6/2019,2:32:43 PM,0.559649,8047.000000,496.892405,534.232055,61.045417,682.101265,20.669254,19.043202,0.660528,4.890509,5.551037,54.543877,80.000000,21.000000,14.711091,21.920804,FULL,CLOSED,OPEN,SYSTEM MODE: Auto Water Flux (Fixed)
5/6/2019,2:33:43 PM,0.576316,8287.000000,498.450371,534.199214,61.003490,681.530233,20.625333,19.091224,0.647648,4.966046,5.613693,54.525400,80.000000,21.000000,14.424224,22.587159,FULL,CLOSED,OPEN,SYSTEM MODE: Auto Water Flux (Fixed)
5/6/2019,2:34:43 PM,0.592982,8527.000000,497.659156,535.226316,61.026595,674.937737,20.636821,19.087452,0.654931,4.916390,5.571321,54.509225,80.000000,21.000000,14.586442,23.257415,FULL,CLOSED,OPEN,SYSTEM MODE: Auto Water Flux (Fixed)
5/6/2019,2:35:43 PM,0.609649,8767.000000,497.299456,534.226793,60.971816,680.267073,20.573460,19.096989,0.648438,4.937344,5.585782,54.510040,80.000000,21.000000,14.441824,23.914252,FULL,CLOSED,OPEN,SYSTEM MODE: Auto Water Flux (Fixed)
5/6/2019,2:36:43 PM,0.626316,9007.000000,497.405756,535.117329,60.914732,663.672339,20.531787,19.069271,0.664964,5.055391,5.720356,54.538181,80.000000,21.000000,14.809897,24.585110,FULL,CLOSED,OPEN,SYSTEM MODE: Auto Water Flux (Fixed)
5/6/2019,2:37:43 PM,0.642982,9247.000000,495.563217,534.134861,60.961866,701.406951,20.439301,19.105222,0.699268,5.006816,5.706084,54.548802,80.000000,21.000000,15.573900,25.238608,FULL,CLOSED,OPEN,SYSTEM MODE: Auto Water Flux (Fixed)
5/6/2019,2:38:43 PM,0.659649,9487.000000,494.876566,533.232469,60.945948,680.165500,20.352193,19.158801,0.704990,5.230751,5.935741,54.497314,80.000000,21.000000,15.701347,25.969750,FULL,CLOSED,OPEN,SYSTEM MODE: Auto Water Flux (Fixed)
5/6/2019,2:39:43 PM,0.676316,9727.000000,495.615539,531.153285,61.005632,660.335412,20.118500,19.194202,0.664093,5.146969,5.811063,54.507084,80.000000,21.000000,14.790497,26.622653,FULL,CLOSED,OPEN,SYSTEM MODE: Auto Water Flux (Fixed)
5/6/2019,2:40:43 PM,0.692982,9967.000000,496.449369,532.193574,60.967835,633.282073,20.149621,19.234816,0.713584,4.950982,5.664566,54.467805,80.000000,21.000000,15.892738,27.292791,FULL,CLOSED,OPEN,SYSTEM MODE: Auto Water Flux (Fixed)
5/6/2019,2:41:43 PM,0.709649,10207.000000,495.071174,531.187458,60.954982,660.763432,20.414195,19.225487,0.709067,4.982570,5.691637,54.455886,80.000000,21.000000,15.792132,27.943053,FULL,CLOSED,OPEN,SYSTEM MODE: Auto Water Flux (Fixed)
5/6/2019,2:42:43 PM,0.726316,10447.000000,493.289165,531.987330,60.918256,711.322088,20.499164,19.213549,0.705048,4.825585,5.530633,54.431427,80.000000,21.000000,15.702623,28.598072,FULL,CLOSED,OPEN,SYSTEM MODE: Auto Water Flux (Fixed)
5/6/2019,2:43:43 PM,0.742982,10687.000000,494.871674,530.128782,60.874179,693.428039,20.273397,19.215605,0.708675,4.948616,5.657291,54.426426,80.000000,21.000000,15.783405,29.267653,FULL,CLOSED,OPEN,SYSTEM MODE: Auto Water Flux (Fixed)
5/6/2019,2:44:43 PM,0.759649,10927.000000,492.406328,530.043443,60.906008,635.434582,20.365365,19.248195,0.706073,4.900267,5.606341,54.421726,80.000000,21.000000,15.725461,29.987578,FULL,CLOSED,OPEN,SYSTEM MODE: Auto Water Flux (Fixed)
5/6/2019,2:45:43 PM,0.776316,11167.000000,495.772504,530.186604,60.966919,696.882756,20.483223,19.300267,0.655510,5.081028,5.736538,54.412848,80.000000,21.000000,14.599327,30.644627,FULL,CLOSED,OPEN,SYSTEM MODE: Auto Water Flux (Fixed)
5/6/2019,2:46:43 PM,0.792983,11407.000000,498.170850,531.220300,60.943200,701.279882,20.509184,19.345683,0.648255,5.174760,5.823015,54.331490,80.000000,21.000000,14.437748,31.313973,FULL,CLOSED,OPEN,SYSTEM MODE: Auto Water Flux (Fixed)
5/6/2019,2:47:43 PM,0.809649,11647.000000,496.727233,532.248734,60.903408,673.112137,20.361985,19.354465,0.664880,4.931730,5.596610,54.252853,80.000000,21.000000,14.808022,31.973739,FULL,CLOSED,OPEN,SYSTEM MODE: Auto Water Flux (Fixed)
5/6/2019,2:48:43 PM,0.826316,11887.000000,496.998627,533.199627,60.933864,624.303879,20.215425,19.344378,0.657920,5.028081,5.686001,54.317111,80.000000,21.000000,14.653005,32.649352,FULL,CLOSED,OPEN,SYSTEM MODE: Auto Water Flux (Fixed)
5/6/2019,2:49:43 PM,0.842982,12127.000000,495.702189,533.312609,60.877393,671.135164,20.398244,19.332304,0.666212,5.273040,5.939253,54.306400,80.000000,21.000000,14.837695,33.312670,FULL,CLOSED,OPEN,SYSTEM MODE: Auto Water Flux (Fixed)
5/6/2019,2:50:43 PM,0.859649,12367.000000,495.141410,532.324879,60.843887,679.451688,20.380138,19.310901,0.706721,5.020779,5.727500,54.312048,80.000000,21.000000,15.739885,33.974768,FULL,CLOSED,OPEN,SYSTEM MODE: Auto Water Flux (Fixed)
5/6/2019,2:51:43 PM,0.876316,12607.000000,492.924571,531.236023,60.901421,667.964768,20.600275,19.344173,0.653884,5.071649,5.725533,54.303687,80.000000,21.000000,14.563108,34.694760,FULL,CLOSED,OPEN,SYSTEM MODE: Auto Water Flux (Fixed)
5/6/2019,2:52:43 PM,0.892982,12847.000000,494.750695,531.242617,60.855668,667.792999,20.232927,19.381565,0.655839,4.847929,5.503768,54.241621,80.000000,21.000000,14.606654,35.359476,FULL,CLOSED,OPEN,SYSTEM MODE: Auto Water Flux (Fixed)
5/6/2019,2:53:43 PM,0.909649,13087.000000,496.470597,531.283321,60.879387,640.042066,20.600623,19.427391,0.660703,5.155302,5.816005,54.265203,80.000000,21.000000,14.714987,36.029868,FULL,CLOSED,OPEN,SYSTEM MODE: Auto Water Flux (Fixed)
5/6/2019,2:54:43 PM,0.926316,13327.000000,497.577399,531.352936,60.896524,655.720807,20.263305,19.457166,0.667722,4.917584,5.585307,54.200796,80.000000,21.000000,14.871317,36.691665,FULL,CLOSED,OPEN,SYSTEM MODE: Auto Water Flux (Fixed)
5/6/2019,2:55:43 PM,0.942983,13567.000000,495.680961,532.313086,60.856126,661.558834,20.187371,19.420119,0.668515,4.902714,5.571229,54.194492,80.000000,21.000000,14.888984,37.356785,FULL,CLOSED,OPEN,SYSTEM MODE: Auto Water Flux (Fixed)
5/6/2019,2:56:43 PM,0.959649,13807.000000,495.702189,532.336735,60.842203,694.020983,20.052541,19.391099,0.705242,4.877162,5.582404,54.204589,80.000000,21.000000,15.706940,38.029486,FULL,CLOSED,OPEN,SYSTEM MODE: Auto Water Flux (Fixed)
5/6/2019,2:57:43 PM,0.976316,14047.000000,492.947457,532.419473,60.831182,681.253033,20.343292,19.402007,0.706137,5.031739,5.737876,54.225367,80.000000,21.000000,15.726872,38.738840,FULL,CLOSED,OPEN,SYSTEM MODE: Auto Water Flux (Fixed)
5/6/2019,2:58:43 PM,0.992983,14287.000000,491.343640,531.425213,60.883516,680.760788,20.175473,19.429587,0.649794,4.945974,5.595768,54.255251,80.000000,21.000000,14.472026,39.391154,FULL,CLOSED,OPEN,SYSTEM MODE: Auto Water Flux (Fixed)
5/6/2019,2:59:43 PM,1.009649,14527.000000,497.286355,530.698823,60.931411,672.666705,20.628136,19.469379,0.695660,4.958225,5.653885,54.215954,80.000000,21.000000,15.493539,40.051079,FULL,CLOSED,OPEN,SYSTEM MODE: Auto Water Flux (Fixed)
5/6/2019,3:00:43 PM,1.026316,14767.000000,498.335943,533.173379,60.862553,651.854699,20.662397,19.507317,0.662647,4.876838,5.539485,54.203598,80.000000,21.000000,14.758276,40.724251,FULL,CLOSED,OPEN,SYSTEM MODE: Auto Water Flux (Fixed)
5/6/2019,3:01:43 PM,1.042982,15007.000000,496.387183,534.278021,60.836382,627.660790,20.154215,19.513010,0.652638,4.943518,5.596156,54.200134,80.000000,21.000000,14.535360,41.394578,FULL,CLOSED,OPEN,SYSTEM MODE: Auto Water Flux (Fixed)
5/6/2019,3:02:43 PM,1.059649,15247.000000,497.752356,534.132198,60.859185,697.723132,20.198223,19.480698,0.692303,4.786811,5.479114,54.179506,80.000000,21.000000,15.418778,42.060828,FULL,CLOSED,OPEN,SYSTEM MODE: Auto Water Flux (Fixed)
5/6/2019,3:03:43 PM,1.076316,15487.000000,496.735441,534.337112,60.839447,637.661834,20.166343,19.465743,0.662818,4.790715,5.453534,54.168807,80.000000,21.000000,14.762100,42.725695,FULL,CLOSED,OPEN,SYSTEM MODE: Auto Water Flux (Fixed)
5/6/2019,3:04:43 PM,1.092982,15727.000000,495.808489,533.443976,60.821387,662.479145,20.478652,19.461968,0.659294,4.976136,5.635430,54.161836,80.000000,21.000000,14.683613,43.467448,FULL,CLOSED,OPEN,SYSTEM MODE: Auto Water Flux (Fixed)
5/6/2019,3:05:43 PM,1.109649,15967.000000,495.496217,533.330995,60.834240,650.852339,20.380078,19.512119,0.702644,5.063196,5.765840,54.152845,80.000000,21.000000,15.649077,44.134792,FULL,CLOSED,OPEN,SYSTEM MODE: Auto Water Flux (Fixed)
5/6/2019,3:06:43 PM,1.126316,16207.000000,494.655916,533.202290,60.862250,666.271474,20.285332,19.555823,0.707937,5.215146,5.923083,54.168101,80.000000,21.000000,15.766975,44.800497,FULL,CLOSED,OPEN,SYSTEM MODE: Auto Water Flux (Fixed)
5/6/2019,3:07:43 PM,1.142982,16447.000000,496.349619,533.225939,60.888871,688.493923,20.508992,19.569473,0.659718,5.011174,5.670892,54.137838,80.000000,21.000000,14.693055,45.451614,FULL,CLOSED,OPEN,SYSTEM MODE: Auto Water Flux (Fixed)
5/6/2019,3:08:43 PM,1.159649,16687.000000,498.765958,534.125668,60.795371,651.092144,20.403584,19.526319,0.667882,4.979861,5.647742,54.113119,80.000000,21.000000,14.874869,46.121182,FULL,CLOSED,OPEN,SYSTEM MODE: Auto Water Flux (Fixed)
5/6/2019,3:09:43 PM,1.176316,16927.000000,495.970347,534.284552,60.802263,650.523042,20.485316,19.528585,0.711029,4.969845,5.680874,54.129039,80.000000,21.000000,15.835838,46.782993,FULL,CLOSED,OPEN,SYSTEM MODE: Auto Water Flux (Fixed)
5/6/2019,3:10:43 PM,1.192982,17167.000000,494.248787,533.115621,60.799811,650.747137,20.690512,19.508963,0.705590,5.036219,5.741808,54.153994,80.000000,21.000000,15.714689,47.452136,FULL,CLOSED,OPEN,SYSTEM MODE: Auto Water Flux (Fixed)
5/6/2019,3:11:43 PM,1.209649,17407.000000,495.061310,532.198837,60.799353,643.808209,20.306708,19.537572,0.695500,5.148770,5.844271,54.160323,80.000000,21.000000,15.489988,48.107040,FULL,CLOSED,OPEN,SYSTEM MODE: Auto Water Flux (Fixed)
5/6/2019,3:12:43 PM,1.226316,17647.000000,498.273835,533.222008,60.881071,673.605116,20.588003,19.576881,0.655849,4.951955,5.607804,54.130919,80.000000,21.000000,14.606876,48.765998,FULL,CLOSED,OPEN,SYSTEM MODE: Auto Water Flux (Fixed)
5/6/2019,3:13:43 PM,1.242982,17887.000000,497.719606,535.307723,60.857656,619.939095,20.273337,19.586969,0.664206,5.156859,5.821066,54.107324,80.000000,21.000000,14.793009,49.493005,FULL,CLOSED,OPEN,SYSTEM MODE: Auto Water Flux (Fixed)
5/6/2019,3:14:43 PM,1.259649,18127.000000,498.734865,535.054245,60.851532,646.918194,20.427091,19.577090,0.664598,5.211605,5.876202,54.146205,80.000000,21.000000,14.801727,50.159969,FULL,CLOSED,OPEN,SYSTEM MODE: Auto Water Flux (Fixed)
5/6/2019,3:15:43 PM,1.276316,18367.000000,494.865124,535.112067,60.806695,651.363603,20.114793,19.558429,0.660338,5.202328,5.862666,54.160373,80.000000,21.000000,14.706869,50.825574,FULL,CLOSED,OPEN,SYSTEM MODE: Auto Water Flux (Fixed)
5/6/2019,3:16:43 PM,1.292982,18607.000000,495.128388,534.191288,60.744263,679.215696,20.350460,19.541344,0.652224,5.137987,5.790211,54.173707,80.000000,21.000000,14.526138,51.485415,FULL,CLOSED,OPEN,SYSTEM MODE: Auto Water Flux (Fixed)
5/6/2019,3:17:43 PM,1.309649,18847.000000,495.004095,533.294222,60.792010,698.559190,20.107841,19.574345,0.667549,4.950968,5.618517,54.179021,80.000000,21.000000,14.867463,52.150599,FULL,CLOSED,OPEN,SYSTEM MODE: Auto Water Flux (Fixed)
5/6/2019,3:18:43 PM,1.326316,19087.000000,495.980132,533.269242,60.801650,700.648669,20.293006,19.601719,0.662300,4.953146,5.615446,54.129197,80.000000,21.000000,14.750547,52.810936,FULL,CLOSED,OPEN,SYSTEM MODE: Auto Water Flux (Fixed)
5/6/2019,3:19:43 PM,1.342982,19327.000000,496.622590,533.214083,60.800269,654.791904,20.122133,19.639107,0.660235,4.912319,5.572554,54.105469,80.000000,21.000000,14.704556,53.546232,FULL,CLOSED,OPEN,SYSTEM MODE: Auto Water Flux (Fixed)
5/6/2019,3:20:43 PM,1.359649,19567.000000,496.858077,534.313463,60.829498,638.059443,20.328061,19.634030,0.650245,5.139428,5.789672,54.106992,80.000000,21.000000,14.482063,54.206603,FULL,CLOSED,OPEN,SYSTEM MODE: Auto Water Flux (Fixed)
5/6/2019,3:21:43 PM,1.376316,19807.000000,650.928082,605.597281,60.997980,669.671201,20.456962,19.770761,0.700694,5.173965,5.874659,48.838663,80.000000,21.000000,15.605648,54.807816,FULL,CLOSED,OPEN,SYSTEM MODE: Auto Feed Pressure (Cycle): High
5/6/2019,3:22:43 PM,1.392982,20047.000000,607.662915,666.888281,61.173804,497.654986,20.886299,19.758962,0.271885,4.450391,4.722276,47.929252,80.000000,21.000000,6.055347,55.521265,FULL,CLOSED,OPEN,SYSTEM MODE: Auto Feed Pressure (Cycle): High
5/6/2019,3:23:43 PM,1.409649,20287.000000,597.513644,653.791838,61.209614,881.091848,20.126284,19.774331,1.383965,5.705623,7.089588,68.863084,80.000000,21.000000,30.823274,56.251144,FULL,CLOSED,OPEN,SYSTEM MODE: Auto Feed Pressure (Cycle): High
5/6/2019,3:24:43 PM,1.426316,20527.000000,603.626424,643.822606,61.288725,488.662274,20.445689,19.765890,0.241497,4.694335,4.935832,40.159502,80.000000,21.000000,5.378553,56.974135,FULL,CLOSED,OPEN,SYSTEM MODE: Auto Feed Pressure (Cycle): High
5/6/2019,3:25:43 PM,1.442982,20767.000000,608.294009,659.840203,55.651275,538.762910,20.601020,20.443851,0.538998,4.423764,4.962762,50.886491,80.000000,21.000000,12.004417,57.504775,FULL,CLOSED,OPEN,SYSTEM MODE: Auto Feed Pressure (Cycle): Ramp Up
5/6/2019,3:26:43 PM,1.459649,21007.000000,634.546710,744.353099,61.396615,838.883483,20.650885,19.844375,1.255094,5.540253,6.795347,72.031651,80.000000,21.000000,27.953094,58.172580,FULL,CLOSED,OPEN,SYSTEM MODE: Auto Feed Pressure (Cycle): High
5/6/2019,3:27:43 PM,1.476316,21247.000000,593.222095,653.873246,61.029351,762.020216,20.484126,19.738791,0.931652,5.314687,6.246339,52.851176,80.000000,21.000000,20.749495,58.991107,FULL,CLOSED,OPEN,SYSTEM MODE: Auto Feed Pressure (Cycle): High
5/6/2019,3:28:43 PM,1.492983,21487.000000,601.726750,648.715290,61.074490,488.097399,20.037008,19.740165,0.147687,4.191524,4.339211,46.725866,80.000000,21.000000,3.289242,59.737572,FULL,CLOSED,OPEN,SYSTEM MODE: Auto Feed Pressure (Cycle): High
5/6/2019,3:29:43 PM,1.509649,21727.000000,586.821586,649.714876,61.220325,907.424253,19.871826,19.709224,1.535073,5.797077,7.332150,69.267455,80.000000,21.000000,34.188719,60.498896,FULL,CLOSED,OPEN,SYSTEM MODE: Auto Feed Pressure (Cycle): High
5/6/2019,3:30:43 PM,1.526316,21967.000000,684.171507,760.293220,61.147485,865.483073,19.958368,19.682672,1.329742,5.746534,7.076276,63.082990,80.000000,21.000000,29.615637,61.040163,FULL,CLOSED,OPEN,SYSTEM MODE: Auto Feed Pressure (Cycle): High
5/6/2019,3:31:43 PM,1.542982,22207.000000,582.436916,658.801308,61.018182,522.110843,20.360048,19.610157,0.080841,4.471144,4.551984,41.800925,80.000000,21.000000,1.800463,61.762897,FULL,CLOSED,OPEN,SYSTEM MODE: Auto Feed Pressure (Cycle): High
5/6/2019,3:32:44 PM,1.559649,22422.000000,564.533484,621.645057,61.255367,779.707260,19.943728,19.730833,1.049625,5.385853,6.435478,68.131718,80.000000,21.000000,23.376954,62.483809,FULL,CLOSED,OPEN,SYSTEM MODE: Auto Feed Pressure (Cycle): High
5/6/2019,3:33:43 PM,1.576316,22662.000000,559.182484,613.657878,61.244354,703.374368,20.266877,19.647204,0.835043,5.219634,6.054677,50.815415,80.000000,21.000000,18.597846,63.254537,FULL,CLOSED,OPEN,SYSTEM MODE: Auto Feed Pressure (Cycle): High
5/6/2019,3:34:43 PM,1.592982,22902.000000,699.027584,626.691300,59.119445,594.632387,20.297278,19.674098,0.364381,4.945247,5.309628,42.484730,80.000000,21.000000,8.115382,63.844164,FULL,CLOSED,OPEN,SYSTEM MODE: Auto Feed Pressure (Cycle): High
5/6/2019,3:35:43 PM,1.609649,23142.000000,568.780840,654.853051,61.218493,604.053625,20.367628,19.663600,0.492706,4.629351,5.122057,55.009282,80.000000,21.000000,10.973405,64.573285,FULL,CLOSED,OPEN,SYSTEM MODE: Auto Feed Pressure (Cycle): High
5/6/2019,3:36:43 PM,1.626316,23382.000000,542.596797,602.690581,61.044804,859.224606,20.198355,19.544570,1.307593,5.809085,7.116678,66.344226,80.000000,21.000000,29.122335,65.286640,FULL,CLOSED,OPEN,SYSTEM MODE: Auto Feed Pressure (Cycle): High
5/6/2019,3:37:43 PM,1.642982,23622.000000,537.309640,588.720595,61.199207,466.993492,20.674162,19.524399,0.117852,4.555833,4.673684,41.980609,80.000000,21.000000,2.624757,66.004230,FULL,CLOSED,OPEN,SYSTEM MODE: Auto Feed Pressure (Cycle): High
5/6/2019,3:38:43 PM,1.659649,23862.000000,532.642054,582.610477,59.189988,297.132633,20.395368,20.218070,0.023668,3.403043,3.426711,28.913214,80.000000,21.000000,0.527123,66.656026,FULL,CLOSED,OPEN,SYSTEM MODE: Auto Feed Pressure (Cycle): Low
5/6/2019,3:39:43 PM,1.676316,24102.000000,589.627062,694.014941,61.276944,879.412290,20.409914,19.639793,1.261067,5.800136,7.061203,70.826747,80.000000,21.000000,28.086123,67.334110,FULL,CLOSED,OPEN,SYSTEM MODE: Auto Feed Pressure (Cycle): High
5/6/2019,3:40:43 PM,1.692982,24342.000000,530.264937,590.503061,61.268072,633.578753,20.604774,19.553693,0.428089,4.789872,5.217961,45.138951,80.000000,21.000000,9.534277,68.031253,FULL,CLOSED,OPEN,SYSTEM MODE: Auto Feed Pressure (Cycle): High
5/6/2019,3:41:43 PM,1.709649,24582.000000,526.429524,575.247295,60.892543,604.897998,20.114782,19.547931,0.522256,4.667860,5.190116,55.260215,80.000000,21.000000,11.631545,68.750458,FULL,CLOSED,OPEN,SYSTEM MODE: Auto Feed Pressure (Cycle): High
5/6/2019,3:42:43 PM,1.726316,24822.000000,518.588714,572.294566,61.268072,879.843205,20.128207,19.522412,1.386794,5.685993,7.072787,65.946360,80.000000,21.000000,30.886271,69.537708,FULL,CLOSED,OPEN,SYSTEM MODE: Auto Feed Pressure (Cycle): High
5/6/2019,3:43:43 PM,1.742982,25062.000000,647.458920,655.779091,60.921469,865.616758,20.504023,19.522203,1.114679,5.847332,6.962011,58.872229,80.000000,21.000000,24.825808,70.065513,FULL,CLOSED,OPEN,SYSTEM MODE: Auto Feed Pressure (Cycle): High
5/6/2019,3:44:43 PM,1.759649,25302.000000,523.785985,595.484888,61.171817,513.860242,20.331274,19.509924,0.093144,4.308233,4.401377,43.345512,80.000000,21.000000,2.074468,70.745883,FULL,CLOSED,OPEN,SYSTEM MODE: Auto Feed Pressure (Cycle): High
5/6/2019,3:45:43 PM,1.776316,25542.000000,512.575684,564.371803,61.175185,775.613934,20.418875,19.628407,1.115349,5.513805,6.629154,69.289227,80.000000,21.000000,24.840735,71.460524,FULL,CLOSED,OPEN,SYSTEM MODE: Auto Feed Pressure (Cycle): High
5/6/2019,3:46:43 PM,1.792982,25782.000000,501.855848,554.210971,61.164933,684.994690,20.392530,19.460186,0.649193,5.093333,5.742526,47.347219,80.000000,21.000000,14.458638,72.191732,FULL,CLOSED,OPEN,SYSTEM MODE: Auto Feed Pressure (Cycle): High
5/6/2019,3:47:43 PM,1.809649,26022.000000,558.003790,551.166373,54.900688,561.904476,20.235636,19.617979,0.314420,4.574599,4.889019,42.033554,80.000000,21.000000,7.002669,72.722713,FULL,CLOSED,OPEN,SYSTEM MODE: Auto Feed Pressure (Cycle): High
5/6/2019,3:48:43 PM,1.826316,26262.000000,530.789730,628.696939,61.121322,723.992967,20.518123,19.508552,0.691593,4.888269,5.579862,60.342370,80.000000,21.000000,15.402951,73.543421,FULL,CLOSED,OPEN,SYSTEM MODE: Auto Feed Pressure (Cycle): High
5/6/2019,3:49:43 PM,1.842982,26502.000000,500.309245,554.334413,61.136930,772.574466,20.334533,19.473631,1.198830,5.826493,7.025323,61.574674,80.000000,21.000000,26.699997,74.267463,FULL,CLOSED,OPEN,SYSTEM MODE: Auto Feed Pressure (Cycle): High
5/6/2019,3:50:43 PM,1.859649,26742.000000,504.126665,550.214148,61.140446,436.505650,20.296941,19.476171,0.131207,4.015781,4.146988,39.776915,80.000000,21.000000,2.922214,75.000888,FULL,CLOSED,OPEN,SYSTEM MODE: Auto Feed Pressure (Cycle): High
5/6/2019,3:51:43 PM,1.876316,26982.000000,494.595388,544.220816,61.145040,350.932592,20.208459,19.535307,0.023668,3.643817,3.667485,31.457902,80.000000,21.000000,0.527123,75.744993,FULL,CLOSED,OPEN,SYSTEM MODE: Auto Feed Pressure (Cycle): Ramp Down
5/6/2019,3:52:43 PM,1.892982,27222.000000,576.794951,658.612118,61.385284,854.227185,20.156020,19.601719,1.393832,5.681948,7.075780,71.275781,80.000000,21.000000,31.043019,76.252025,FULL,CLOSED,OPEN,SYSTEM MODE: Auto Feed Pressure (Cycle): High
5/6/2019,3:53:43 PM,1.909649,27462.000000,509.708101,569.221120,61.067303,659.323266,20.197440,19.388562,0.599130,5.017453,5.616584,46.797263,80.000000,21.000000,13.343658,76.988399,FULL,CLOSED,OPEN,SYSTEM MODE: Auto Feed Pressure (Cycle): High
5/6/2019,3:54:43 PM,1.926316,27702.000000,503.449879,551.192685,61.082601,563.516686,20.329469,19.484470,0.416783,4.507003,4.923786,53.384360,80.000000,21.000000,9.282472,77.771376,FULL,CLOSED,OPEN,SYSTEM MODE: Auto Feed Pressure (Cycle): High
5/6/2019,3:55:43 PM,1.942982,27942.000000,491.928884,544.360045,61.337847,924.119412,20.131192,19.491882,1.462190,6.155390,7.617580,64.868709,80.000000,21.000000,32.565477,78.548060,FULL,CLOSED,OPEN,SYSTEM MODE: Auto Feed Pressure (Cycle): High
5/6/2019,3:56:43 PM,1.959649,28182.000000,625.983262,593.441208,60.847403,721.128530,20.568348,19.494488,0.965133,5.594467,6.559600,57.940411,80.000000,21.000000,21.495161,79.138624,FULL,CLOSED,OPEN,SYSTEM MODE: Auto Feed Pressure (Cycle): High
5/6/2019,3:57:43 PM,1.976316,28422.000000,505.055273,575.490249,61.186657,488.627038,20.377734,19.446052,0.162515,4.372652,4.535167,46.946232,80.000000,21.000000,3.619495,79.853999,FULL,CLOSED,OPEN,SYSTEM MODE: Auto Feed Pressure (Cycle): High
5/6/2019,3:58:43 PM,1.992982,28662.000000,497.847135,546.255366,61.084743,907.950264,20.747713,19.530780,1.357573,5.775005,7.132578,70.334700,80.000000,21.000000,30.235486,80.577680,FULL,CLOSED,OPEN,SYSTEM MODE: Auto Feed Pressure (Cycle): High
5/6/2019,3:59:43 PM,2.009649,28902.000000,498.471679,543.263328,61.098209,647.509209,20.252332,19.394324,0.446573,4.917275,5.363848,44.360486,80.000000,21.000000,9.945952,81.336289,FULL,CLOSED,OPEN,SYSTEM MODE: Auto Feed Pressure (Cycle): High
5/6/2019,4:00:43 PM,2.026316,29142.000000,496.988841,544.172250,55.708204,516.696794,20.542205,20.204211,0.438785,4.232317,4.671102,47.891461,80.000000,21.000000,9.772486,81.920721,FULL,CLOSED,OPEN,SYSTEM MODE: Auto Feed Pressure (Cycle): Ramp Up
5/6/2019,4:01:43 PM,2.042982,29382.000000,542.727561,634.598339,61.322696,687.734906,20.472540,19.489961,0.754658,5.249399,6.004056,63.992877,80.000000,21.000000,16.807523,82.639753,FULL,CLOSED,OPEN,SYSTEM MODE: Auto Feed Pressure (Cycle): High
5/6/2019,4:02:43 PM,2.059649,29622.000000,497.245477,556.068188,61.073877,900.224296,20.323105,19.474181,1.098470,5.652335,6.750805,57.776723,80.000000,21.000000,24.464812,83.376667,FULL,CLOSED,OPEN,SYSTEM MODE: Auto Feed Pressure (Cycle): High
5/6/2019,4:03:43 PM,2.076316,29862.000000,495.020431,544.227410,61.086272,446.734417,20.273662,19.434458,0.060785,4.162102,4.222887,40.566244,80.000000,21.000000,1.353779,84.077067,FULL,CLOSED,OPEN,SYSTEM MODE: Auto Feed Pressure (Cycle): High
5/6/2019,4:04:43 PM,2.092982,30102.000000,479.873389,527.101302,61.075104,766.283657,20.650091,19.504367,1.021668,5.541723,6.563391,68.971450,80.000000,21.000000,22.754293,84.779499,FULL,CLOSED,OPEN,SYSTEM MODE: Auto Feed Pressure (Cycle): High
5/6/2019,4:05:43 PM,2.109649,30342.000000,580.496285,630.627764,61.317341,906.584382,20.189861,19.436654,1.441508,5.941200,7.382708,68.963206,80.000000,21.000000,32.104848,85.385849,FULL,CLOSED,OPEN,SYSTEM MODE: Auto Feed Pressure (Cycle): High
5/6/2019,4:06:43 PM,2.126316,30582.000000,508.418214,559.167944,60.958808,452.625504,20.248843,19.365579,0.123072,4.552554,4.675625,41.496018,80.000000,21.000000,2.741013,86.179234,FULL,CLOSED,OPEN,SYSTEM MODE: Auto Feed Pressure (Cycle): High
5/6/2019,4:07:43 PM,2.142982,30822.000000,505.687946,551.196616,60.985740,628.203523,20.227720,19.536887,0.880207,5.112416,5.992623,63.125239,80.000000,21.000000,19.603715,86.863947,FULL,CLOSED,OPEN,SYSTEM MODE: Auto Feed Pressure (Cycle): High
5/6/2019,4:08:43 PM,2.159649,31062.000000,488.072243,543.089989,61.051540,769.488967,20.481228,19.457235,1.231371,5.806938,7.038309,59.178153,80.000000,21.000000,27.424744,87.548818,FULL,CLOSED,OPEN,SYSTEM MODE: Auto Feed Pressure (Cycle): High
5/6/2019,4:09:43 PM,2.176316,31302.000000,613.402973,549.296033,58.869703,660.386772,19.998055,19.452639,0.768809,5.065931,5.834740,50.624208,80.000000,21.000000,17.122703,88.022116,FULL,CLOSED,OPEN,SYSTEM MODE: Auto Feed Pressure (Cycle): High
5/6/2019,4:10:43 PM,2.192983,31542.000000,502.965885,584.142001,60.996606,515.768902,20.367411,19.390893,0.289176,4.543923,4.833099,50.020854,80.000000,21.000000,6.440436,88.677987,FULL,CLOSED,OPEN,SYSTEM MODE: Auto Feed Pressure (Cycle): High
5/6/2019,4:11:43 PM,2.209649,31782.000000,481.805813,530.128782,61.018485,903.417753,19.927645,19.449758,1.474912,5.660953,7.135865,67.584711,80.000000,21.000000,32.848819,89.399406,FULL,CLOSED,OPEN,SYSTEM MODE: Auto Feed Pressure (Cycle): High
5/6/2019,4:12:43 PM,2.226316,32022.000000,480.826540,528.731289,61.039448,469.389159,20.413389,19.423344,0.160241,4.464532,4.624773,39.828541,80.000000,21.000000,3.568834,90.134071,FULL,CLOSED,OPEN,SYSTEM MODE: Auto Feed Pressure (Cycle): High
5/6/2019,4:13:43 PM,2.242982,32262.000000,484.856481,530.231238,59.477830,305.163388,20.288518,19.956888,0.023668,3.276383,3.300051,29.376329,80.000000,21.000000,0.527123,90.774220,FULL,CLOSED,OPEN,SYSTEM MODE: Auto Feed Pressure (Cycle): Low
5/6/2019,4:14:43 PM,2.259649,32502.000000,539.519928,631.656135,61.199362,819.429824,20.245247,19.493802,1.141365,5.547908,6.689274,67.214707,80.000000,21.000000,25.420160,91.455863,FULL,CLOSED,OPEN,SYSTEM MODE: Auto Feed Pressure (Cycle): High
5/6/2019,4:15:43 PM,2.276316,32742.000000,493.501686,548.171736,61.122696,719.458757,20.556077,19.398990,0.967747,5.305322,6.273069,50.794036,80.000000,21.000000,21.553390,92.161339,FULL,CLOSED,OPEN,SYSTEM MODE: Auto Feed Pressure (Cycle): High
5/6/2019,4:16:43 PM,2.292982,32982.000000,493.789415,540.151779,61.070361,529.496581,20.123299,19.343487,0.151485,4.338614,4.490100,44.816477,80.000000,21.000000,3.373834,92.856285,FULL,CLOSED,OPEN,SYSTEM MODE: Auto Feed Pressure (Cycle): High
5/6/2019,4:17:43 PM,2.309649,33222.000000,490.529460,536.216645,61.050011,901.439127,19.769524,19.450854,1.436267,6.012752,7.449020,70.803527,80.000000,21.000000,31.988140,93.585681,FULL,CLOSED,OPEN,SYSTEM MODE: Auto Feed Pressure (Cycle): High
5/6/2019,4:18:43 PM,2.326316,33462.000000,618.188223,630.697379,60.984211,858.813445,20.195647,19.421698,1.310695,6.129202,7.439897,65.562057,80.000000,21.000000,29.191419,94.123325,FULL,CLOSED,OPEN,SYSTEM MODE: Auto Feed Pressure (Cycle): High
5/6/2019,4:19:43 PM,2.342982,33702.000000,491.315862,565.350340,61.301430,448.853160,20.177987,19.374292,0.075443,4.458907,4.534351,37.923659,80.000000,21.000000,1.680256,94.838102,FULL,CLOSED,OPEN,SYSTEM MODE: Auto Feed Pressure (Cycle): High
5/6/2019,4:20:43 PM,2.359649,33942.000000,487.506571,534.132198,61.107856,760.955240,20.503494,19.536132,1.027970,5.170246,6.198216,69.408916,80.000000,21.000000,22.894654,95.590018,FULL,CLOSED,OPEN,SYSTEM MODE: Auto Feed Pressure (Cycle): High
5/6/2019,4:21:43 PM,2.376316,34182.000000,486.179119,536.005202,61.102190,817.804291,20.156406,19.372577,0.902960,5.592120,6.495079,54.546374,80.000000,21.000000,20.110458,96.282984,FULL,CLOSED,OPEN,SYSTEM MODE: Auto Feed Pressure (Cycle): High
5/6/2019,4:22:43 PM,2.392982,34422.000000,536.119424,537.062547,54.619117,682.579728,20.142583,19.484060,0.642153,5.079931,5.722084,46.608921,80.000000,21.000000,14.301854,96.842505,FULL,CLOSED,OPEN,SYSTEM MODE: Auto Feed Pressure (Cycle): High
5/6/2019,4:23:43 PM,2.409649,34662.000000,524.730929,616.504093,61.124225,568.588576,20.316656,19.384171,0.259258,4.245529,4.504787,50.007959,80.000000,21.000000,5.774120,97.540410,FULL,CLOSED,OPEN,SYSTEM MODE: Auto Feed Pressure (Cycle): High
5/6/2019,4:24:43 PM,2.426316,34902.000000,494.042815,547.228641,61.163551,896.917367,20.207377,19.420463,1.459240,5.796953,7.256193,68.922531,80.000000,21.000000,32.499774,98.336358,FULL,CLOSED,OPEN,SYSTEM MODE: Auto Feed Pressure (Cycle): High
5/6/2019,4:25:43 PM,2.442982,35142.000000,492.988335,541.153964,61.082601,455.247242,20.246353,19.383005,0.121196,4.560475,4.681671,40.677211,80.000000,21.000000,2.699243,99.057857,FULL,CLOSED,OPEN,SYSTEM MODE: Auto Feed Pressure (Cycle): High
5/6/2019,4:26:43 PM,2.459649,35382.000000,490.225396,534.113812,61.111069,407.971948,20.317836,19.365510,0.096272,3.975445,4.071717,33.467022,80.000000,21.000000,2.144136,99.814346,FULL,CLOSED,OPEN,SYSTEM MODE: Auto Feed Pressure (Cycle): Ramp Down
5/6/2019,4:27:43 PM,2.476316,35622.000000,579.049433,648.711359,61.283222,801.893600,19.842255,19.468419,1.018719,5.179550,6.198269,68.242926,80.000000,21.000000,22.688615,100.432441,FULL,CLOSED,OPEN,SYSTEM MODE: Auto Feed Pressure (Cycle): High
5/6/2019,4:28:43 PM,2.492983,35862.000000,495.963797,556.119416,61.220170,725.251809,20.560817,19.344037,0.876179,5.279451,6.155631,53.347248,80.000000,21.000000,19.514014,101.119477,FULL,CLOSED,OPEN,SYSTEM MODE: Auto Feed Pressure (Cycle): High
5/6/2019,4:29:43 PM,2.509649,36102.000000,494.394309,539.110221,60.958808,472.975678,20.556606,19.367020,0.115071,4.085580,4.200651,43.925777,80.000000,21.000000,2.562824,101.831265,FULL,CLOSED,OPEN,SYSTEM MODE: Auto Feed Pressure (Cycle): High
5/6/2019,4:30:43 PM,2.526316,36342.000000,482.716428,535.168494,61.120398,941.186682,20.467920,19.489617,1.355000,5.607077,6.962078,69.134075,80.000000,21.000000,30.178181,102.519037,FULL,CLOSED,OPEN,SYSTEM MODE: Auto Feed Pressure (Cycle): High
5/6/2019,4:31:43 PM,2.542982,36582.000000,625.791969,576.143029,60.661629,944.782664,20.510713,19.425129,1.494925,6.112829,7.607753,66.248178,80.000000,21.000000,33.294536,103.101035,FULL,CLOSED,OPEN,SYSTEM MODE: Auto Feed Pressure (Cycle): High
5/6/2019,4:32:43 PM,2.559649,36822.000000,503.498886,578.391623,61.186509,451.275013,20.110633,19.350140,0.107739,4.459827,4.567566,40.660214,80.000000,21.000000,2.399533,103.845412,FULL,CLOSED,OPEN,SYSTEM MODE: Auto Feed Pressure (Cycle): High
5/6/2019,4:33:43 PM,2.576316,37062.000000,483.148022,532.964535,61.107701,806.379711,20.608479,19.454424,1.040255,5.192990,6.233245,66.711344,80.000000,21.000000,23.168270,104.643050,FULL,CLOSED,OPEN,SYSTEM MODE: Auto Feed Pressure (Cycle): High
5/6/2019,4:34:43 PM,2.592982,37302.000000,471.448913,521.980120,61.228591,836.007836,20.528961,19.320574,0.957339,5.532681,6.490020,55.931045,80.000000,21.000000,21.321577,105.325881,FULL,CLOSED,OPEN,SYSTEM MODE: Auto Feed Pressure (Cycle): High
5/6/2019,4:35:43 PM,2.609649,37542.000000,469.490367,512.981689,56.334074,466.280874,20.757471,20.100136,0.308015,4.165602,4.473618,43.992691,80.000000,21.000000,6.860033,105.856593,FULL,CLOSED,OPEN,SYSTEM MODE: Auto Feed Pressure (Cycle): Ramp Up
5/6/2019,4:36:43 PM,2.626316,37782.000000,511.459097,602.490867,61.157280,529.098788,20.096137,19.346233,0.211900,4.435662,4.647562,49.410683,80.000000,21.000000,4.719387,106.508945,FULL,CLOSED,OPEN,SYSTEM MODE: Auto Feed Pressure (Cycle): High
5/6/2019,4:37:43 PM,2.642983,38022.000000,472.483821,527.092109,61.043430,938.213460,20.233048,19.410445,1.568609,5.903279,7.471888,70.702601,80.000000,21.000000,34.935613,107.235454,FULL,CLOSED,OPEN,SYSTEM MODE: Auto Feed Pressure (Cycle): High
5/6/2019,4:38:43 PM,2.659649,38262.000000,481.439562,524.111864,61.076788,498.804629,20.094102,19.361943,0.142370,4.552499,4.694869,40.747230,80.000000,21.000000,3.170824,107.977247,FULL,CLOSED,OPEN,SYSTEM MODE: Auto Feed Pressure (Cycle): High
5/6/2019,4:39:43 PM,2.676316,38502.000000,486.339319,528.912553,61.005632,625.343634,20.348980,19.473770,0.835025,4.879402,5.714426,65.132209,80.000000,21.000000,18.597433,108.686988,FULL,CLOSED,OPEN,SYSTEM MODE: Auto Feed Pressure (Cycle): High
5/6/2019,4:40:43 PM,2.692982,38742.000000,599.905440,631.418380,61.104946,749.909480,20.228105,19.417582,1.091975,5.345339,6.437314,68.655349,80.000000,21.000000,24.320164,109.329837,FULL,CLOSED,OPEN,SYSTEM MODE: Auto Feed Pressure (Cycle): High
5/6/2019,4:41:43 PM,2.709649,38982.000000,486.767677,555.038422,61.127283,751.156193,19.823645,19.308291,0.854124,5.412516,6.266640,52.352324,80.000000,21.000000,19.022806,110.018600,FULL,CLOSED,OPEN,SYSTEM MODE: Auto Feed Pressure (Cycle): High
5/6/2019,4:42:43 PM,2.726316,39222.000000,488.410715,531.937433,61.061180,544.509333,20.395152,19.357072,0.116130,4.281612,4.397742,44.070564,80.000000,21.000000,2.586410,110.701874,FULL,CLOSED,OPEN,SYSTEM MODE: Auto Feed Pressure (Cycle): High
5/6/2019,4:43:43 PM,2.742982,39462.000000,483.192215,528.979505,61.079846,915.314869,20.328640,19.430752,1.417007,5.928391,7.345398,70.725815,80.000000,21.000000,31.559176,111.440562,FULL,CLOSED,OPEN,SYSTEM MODE: Auto Feed Pressure (Cycle): High
5/6/2019,4:44:43 PM,2.759649,39702.000000,595.653192,540.086095,58.044437,885.517503,20.249410,19.492908,1.460852,6.016911,7.477763,67.210884,80.000000,21.000000,32.535681,112.003786,FULL,CLOSED,OPEN,SYSTEM MODE: Auto Feed Pressure (Cycle): High
5/6/2019,4:45:43 PM,2.776316,39942.000000,505.145238,590.492536,61.046030,474.066104,20.606098,19.333403,0.079627,4.569457,4.649084,38.430737,80.000000,21.000000,1.773430,112.715255,FULL,CLOSED,OPEN,SYSTEM MODE: Auto Feed Pressure (Cycle): High
5/6/2019,4:46:43 PM,2.792982,40182.000000,482.660871,531.213706,61.041132,687.314006,20.367267,19.388012,0.983289,5.258464,6.241752,65.634728,80.000000,21.000000,21.899528,113.468001,FULL,CLOSED,OPEN,SYSTEM MODE: Auto Feed Pressure (Cycle): High
5/6/2019,4:47:43 PM,2.809649,40422.000000,486.051590,527.056605,60.948090,860.528009,20.249842,19.362284,0.946309,5.323600,6.269910,57.138964,80.000000,21.000000,21.075928,114.129806,FULL,CLOSED,OPEN,SYSTEM MODE: Auto Feed Pressure (Cycle): High
5/6/2019,4:48:35 PM,2.823746,40625.000000,486.548526,530.065761,61.043585,616.807702,20.453617,19.395834,0.407727,4.721442,5.129169,47.514491,80.000000,21.000000,9.080775,114.732499,FULL,CLOSED,OPEN,SYSTEM MODE: Auto Feed Pressure (Cycle): Ramp Down
